image_id,particle_id,area_px,area_um2,perimeter_px,circularity,equivalent_diameter_px,equivalent_diameter_um,aspect_ratio,area,perimeter,metric_error_code,metric_error_message,is_edge_particle,validation_status,rejection_reason
img_RDBS_0485,1,114.0,0.8103320754,36.970562748477136,1.0480996907936426,12.047792665040703,1.0157493995895817,0.8461538461538461,114.0,36.970562748477136,,,False,valid,
img_RDBS_0485,2,51.0,0.36251698109999997,23.31370849898476,1.1791181273576488,8.058239062071396,0.6793901353232393,1.0,51.0,23.31370849898476,,,False,valid,
img_RDBS_0485,12,57.0,0.4051660377,25.556349186104047,1.0966981044581463,8.51907589177983,0.7182432884359574,1.25,57.0,25.556349186104047,,,False,valid,
img_RDBS_0485,13,82.0,0.5828704402,67.5208152801713,0.22602077582851898,10.217907939900583,0.8614718184130181,2.925925925925926,82.0,67.5208152801713,,,False,valid,
img_RDBS_0485,20,9954.0,70.7547848994,379.3624817342638,0.8691580261295812,112.57809035640021,9.491458797948102,1.3505154639175259,9954.0,379.3624817342638,,,False,valid,
img_RDBS_0485,21,9724.0,69.11990439639999,376.0071426749364,0.8642962413905766,111.26985815127438,9.381161740733942,1.1057692307692308,9724.0,376.0071426749364,,,False,valid,
img_RDBS_0485,22,9295.0,66.07049684949999,366.33304448274095,0.8703763215402511,108.78769033449205,9.171890172101024,1.0454545454545454,9295.0,366.33304448274095,,,False,valid,
img_RDBS_0485,23,9272.0,65.9070087992,373.4629867976521,0.835387850127071,108.65301219379253,9.160535458058648,1.372340425531915,9272.0,373.4629867976521,,,False,valid,
img_RDBS_0485,24,9165.0,65.14643395649999,361.26197667087547,0.8824656827443591,108.02425851399197,9.107525235314663,0.9732142857142857,9165.0,361.26197667087547,,,False,valid,
img_RDBS_0485,25,9005.0,64.0091257805,360.33304448274095,0.871536136538797,107.07717824233201,9.02767689761101,0.8347107438016529,9005.0,360.33304448274095,,,False,valid,
img_RDBS_0485,26,8915.0,63.369389931499995,354.492424049175,0.8914916815150534,106.54074592058184,8.982450288564255,1.0388349514563107,8915.0,354.492424049175,,,False,valid,
img_RDBS_0485,27,8859.0,62.971332069899994,365.1614716074871,0.8348811746503451,106.20559837790476,8.95419399924115,1.2058823529411764,8859.0,365.1614716074871,,,False,valid,
img_RDBS_0485,28,8816.0,62.66568049759999,355.9482681718907,0.8743950230550849,105.94753336621478,8.932436538105568,1.2040816326530612,8816.0,355.9482681718907,,,False,valid,
img_RDBS_0485,29,8689.0,61.762942132899994,351.01933598375615,0.88617109580219,105.18164480651474,8.867864473637256,0.9545454545454546,8689.0,351.01933598375615,,,False,valid,
img_RDBS_0485,30,8676.0,61.67053584359999,352.8772003600252,0.8755525333434362,105.1029318816667,8.86122818694332,1.009433962264151,8676.0,352.8772003600252,,,False,valid,
img_RDBS_0485,31,8514.0,60.51901131539999,349.22034611053283,0.8772925331790686,104.11705664239254,8.778109045520115,1.2234042553191489,8514.0,349.22034611053283,,,False,valid,
img_RDBS_0485,32,8493.0,60.3697396173,355.9482681718907,0.8423589985034977,103.98857366766667,8.767276645920976,0.981651376146789,8493.0,355.9482681718907,,,False,valid,
img_RDBS_0485,33,8449.0,60.056979868899994,343.13708498984755,0.9017369358032238,103.7188551492321,8.744536677631757,0.9313725490196079,8449.0,343.13708498984755,,,False,valid,
img_RDBS_0485,34,8349.0,59.346162258899994,355.5462479183373,0.8299503746184678,103.10323447396728,8.692633698500181,1.0363636363636364,8349.0,355.5462479183373,,,False,valid,
img_RDBS_0485,35,8249.0,58.635344648899995,347.84776310850236,0.8567078331746951,102.48391583326799,8.640418943902823,1.2526315789473683,8249.0,347.84776310850236,,,False,valid,
img_RDBS_0485,36,8235.0,58.535830183499996,348.7766952966369,0.8507041487568231,102.39691231132932,8.633083676968175,1.2659574468085106,8235.0,348.7766952966369,,,False,valid,
img_RDBS_0485,37,8113.0,57.6686326993,346.14927829866735,0.8508724832949295,101.63558641753573,8.568896290862437,1.0808080808080809,8113.0,346.14927829866735,,,False,valid,
img_RDBS_0485,38,8091.0,57.5122528251,337.9066376115481,0.890468619816861,101.4976903995958,8.557270277589922,1.0404040404040404,8091.0,337.9066376115481,,,False,valid,
img_RDBS_0485,39,8055.0,57.256358485499995,341.32085117392114,0.8688599297277938,101.271637356378,8.538211745516229,1.0198019801980198,8055.0,341.32085117392114,,,False,valid,
img_RDBS_0485,40,7962.0,56.5952981082,333.56349186104046,0.8992387519625483,100.6853179722911,8.488779158243862,0.8785046728971962,7962.0,333.56349186104046,,,False,valid,
img_RDBS_0485,41,7699.0,54.725847793899995,327.7645019878171,0.9005759631512439,99.00844032160096,8.347401603514177,1.0,7699.0,327.7645019878171,,,False,valid,
img_RDBS_0485,42,7566.0,53.7804603726,327.6639969244288,0.885561550150385,98.14953079595561,8.274986941407017,1.1538461538461537,7566.0,327.6639969244288,,,False,valid,
img_RDBS_0485,43,7554.0,53.69516225939999,325.46298679765215,0.8961560336644466,98.07166522971566,8.268422095517327,0.8598130841121495,7554.0,325.46298679765215,,,False,valid,
img_RDBS_0485,44,7523.0,53.474808800299996,328.04877323527904,0.8784642452938207,97.87022578416088,8.251438735862603,0.9607843137254902,7523.0,328.04877323527904,,,False,valid,
img_RDBS_0485,45,7506.0,53.3539698066,328.69343417595167,0.8730444709828871,97.75958276702151,8.242110423087583,1.1685393258426966,7506.0,328.69343417595167,,,False,valid,
img_RDBS_0485,46,7499.0,53.304212573899996,345.90663761154804,0.7875813547207674,97.71398746325413,8.238266283026956,1.423529411764706,7499.0,345.90663761154804,,,False,valid,
img_RDBS_0485,47,7458.0,53.0127773538,331.17871555019025,0.854490833424985,97.44650083319998,8.215714485247089,1.1777777777777778,7458.0,331.17871555019025,,,False,valid,
img_RDBS_0485,48,7427.0,52.79242389469999,321.32085117392114,0.9039522091712267,97.24376637475562,8.198621943055647,0.9795918367346939,7427.0,321.32085117392114,,,False,valid,
img_RDBS_0485,49,7412.0,52.6858012532,321.0782104868019,0.9034905346814683,97.14551716665585,8.190338552320755,1.075268817204301,7412.0,321.0782104868019,,,False,valid,
img_RDBS_0485,50,7396.0,52.5720704356,322.0071426749364,0.8963461472452029,97.04060837021409,8.181493691692749,1.1333333333333333,7396.0,322.0071426749364,,,False,valid,
img_RDBS_0485,51,7393.0,52.5507459073,323.0782104868019,0.8900516975948,97.020925342047,8.17983421558798,0.9595959595959596,7393.0,323.0782104868019,,,False,valid,
img_RDBS_0485,52,7389.0,52.522313202899994,325.0782104868019,0.8786578833168628,96.99467509120342,8.17762105693936,0.9306930693069307,7389.0,325.0782104868019,,,False,valid,
img_RDBS_0485,53,673.0,4.7838025153,346.03657992645924,0.07062865017292864,29.2726871606753,2.4679802545165344,1.2659574468085106,673.0,346.03657992645924,,,False,valid,
img_RDBS_0485,54,7308.0,51.946550938799994,327.27922061357856,0.8573764259910619,96.4615705497509,8.132675013049498,1.3132530120481927,7308.0,327.27922061357856,,,False,valid,
img_RDBS_0485,55,7226.0,51.3636804986,319.6639969244288,0.8886287716317085,95.91886649797466,8.086919634444243,0.9393939393939394,7226.0,319.6639969244288,,,False,valid,
img_RDBS_0485,56,7212.0,51.2641660332,322.492424049175,0.8714180445387345,95.8259025349096,8.079081842718228,1.255813953488372,7212.0,322.492424049175,,,False,valid,
img_RDBS_0485,57,7198.0,51.16465156779999,317.3208511739212,0.8983063821997472,95.73284829672467,8.071236439896856,1.0210526315789474,7198.0,317.3208511739212,,,False,valid,
img_RDBS_0485,58,7191.0,51.1148943351,324.2081528017131,0.859708635740605,95.68628724216734,8.067310877387127,1.223529411764706,7191.0,324.2081528017131,,,False,valid,
img_RDBS_0485,59,7122.0,50.624430184199994,331.6639969244288,0.8136079302684666,95.22611006233441,8.028513339355413,1.4146341463414633,7122.0,331.6639969244288,,,False,valid,
img_RDBS_0485,60,7011.0,49.835422637099995,324.1076477383247,0.838708942044411,94.48112217865655,7.965703410882533,1.1954022988505748,7011.0,324.1076477383247,,,False,valid,
img_RDBS_0485,61,6998.0,49.743016347799994,313.32085117392114,0.8957879308415387,94.39348671416195,7.958314864870994,0.9,6998.0,313.32085117392114,,,False,valid,
img_RDBS_0485,62,6943.0,49.3520666623,335.96551211459376,0.7729788894721744,94.02181746326879,7.926979430328191,1.5733333333333333,6943.0,335.96551211459376,,,False,valid,
img_RDBS_0485,63,6874.0,48.861602511399994,365.26197667087547,0.6474563010039316,93.55345333289151,7.887491650496083,1.2555555555555555,6874.0,365.26197667087547,,,False,valid,
img_RDBS_0485,64,6936.0,49.302309429599994,318.79393923934,0.8576277720782824,93.97440865620325,7.922982393804496,0.8979591836734694,6936.0,318.79393923934,,,False,valid,
img_RDBS_0485,65,6912.0,49.13171320319999,311.4213562373095,0.8956056198024134,93.81168228536062,7.909262933478753,0.9278350515463918,6912.0,311.4213562373095,,,False,valid,
img_RDBS_0485,66,6875.0,48.8687106875,322.5929291125633,0.8301811703123205,93.56025796273889,7.8880653488385155,0.7777777777777778,6875.0,322.5929291125633,,,False,valid,
img_RDBS_0485,67,6856.0,48.7336553416,314.83556979968256,0.8691867309348354,93.43088525056517,7.877157935475149,0.96875,6856.0,314.83556979968256,,,False,valid,
img_RDBS_0485,68,6724.0,47.7953760964,306.8355697996826,0.8974828565074914,92.52709170183203,7.8009591013814585,1.1264367816091954,6724.0,306.8355697996826,,,False,valid,
img_RDBS_0485,69,6697.0,47.6034553417,322.3919189857866,0.8096957660038299,92.3411350974818,7.78528110006869,1.3902439024390243,6697.0,322.3919189857866,,,False,valid,
img_RDBS_0485,70,6656.0,47.3120201216,308.45079348883235,0.8791265450739049,92.05803826802547,7.761413206377227,0.82,6656.0,308.45079348883235,,,False,valid,
img_RDBS_0485,71,6626.0,47.098774838599994,302.97770542341357,0.9070682198611985,91.8503414441949,7.743902287160071,0.9175257731958762,6626.0,302.97770542341357,,,False,valid,
img_RDBS_0485,72,6512.0,46.288442763199996,307.7228714274745,0.8641809795498337,91.05677303372539,7.676996534473387,1.294871794871795,6512.0,307.7228714274745,,,False,valid,
img_RDBS_0485,73,6463.0,45.9401421343,305.4213562373095,0.8706532335382231,90.71354462054362,7.648058946958032,1.1149425287356323,6463.0,305.4213562373095,,,False,valid,
img_RDBS_0485,74,6454.0,45.8761685494,298.79393923934,0.9084379260978735,90.65036139873212,7.642731969527104,0.9555555555555556,6454.0,298.79393923934,,,False,valid,
img_RDBS_0485,75,6449.0,45.8406276689,300.5929291125633,0.8969014376535345,90.6152405724173,7.639770932660503,0.925531914893617,6449.0,300.5929291125633,,,False,valid,
img_RDBS_0485,76,6429.0,45.698464146899994,299.27922061357856,0.9019867572643828,90.47462093373126,7.627915290922882,1.0,6429.0,299.27922061357856,,,False,valid,
img_RDBS_0485,77,6406.0,45.5349760966,307.03657992645924,0.8539187676636327,90.31263767365813,7.614258482266116,1.2073170731707317,6406.0,307.03657992645924,,,False,valid,
img_RDBS_0485,78,6405.0,45.5278679205,299.90663761154804,0.894863599407197,90.30558833222182,7.613664152289621,0.967741935483871,6405.0,299.90663761154804,,,False,valid,
img_RDBS_0485,79,6368.0,45.2648654048,299.0782104868019,0.8946298238089867,90.04437473198153,7.5916412336533625,0.8958333333333334,6368.0,299.0782104868019,,,False,valid,
img_RDBS_0485,80,6360.0,45.207999996,298.1076477383247,0.8993334444831601,89.98779641993482,7.586871116164705,0.9560439560439561,6360.0,298.1076477383247,,,False,valid,
img_RDBS_0485,81,6347.0,45.1155937067,303.56349186104046,0.865524334423547,89.89578071541554,7.579113272116684,1.2142857142857142,6347.0,303.56349186104046,,,False,valid,
img_RDBS_0485,82,6347.0,45.1155937067,298.9360748630709,0.8925277066889399,89.89578071541554,7.579113272116684,1.0574712643678161,6347.0,298.9360748630709,,,False,valid,
img_RDBS_0485,83,6335.0,45.0302955935,301.5218613006978,0.8756264514530399,89.81075946620903,7.571945130596084,1.3076923076923077,6335.0,301.5218613006978,,,False,valid,
img_RDBS_0485,84,6258.0,44.4829660338,299.4213562373095,0.8771621360558255,89.26327952160759,7.525787096466735,1.1294117647058823,6258.0,299.4213562373095,,,False,valid,
img_RDBS_0485,85,6240.0,44.355018863999994,294.9360748630709,0.9014438109986905,89.13481227414694,7.514956022833328,0.945054945054945,6240.0,294.9360748630709,,,False,valid,
img_RDBS_0485,86,6218.0,44.198638989799996,294.69343417595167,0.8997454562704142,88.9775448591567,7.501696807075501,1.0952380952380953,6218.0,294.69343417595167,,,False,valid,
img_RDBS_0485,87,6174.0,43.8858792414,300.14927829866735,0.8611957586617189,88.6621731585398,7.475107818996491,0.8775510204081632,6174.0,300.14927829866735,,,False,valid,
img_RDBS_0485,88,6167.0,43.836122008699995,315.5218613006978,0.7784395662771533,88.61189690093396,7.470869027717741,1.619718309859155,6167.0,315.5218613006978,,,False,valid,
img_RDBS_0485,89,6155.0,43.7508238955,294.06601717798213,0.8944338818171372,88.52564260057606,7.463596927654567,0.9655172413793104,6155.0,294.06601717798213,,,False,valid,
img_RDBS_0485,90,558.0,3.9663622638,330.6995308303615,0.06411754797314514,26.654599339742866,2.247249270333721,1.1686746987951808,558.0,330.6995308303615,,,False,valid,
img_RDBS_0485,91,6132.0,43.587335845199995,293.4802307403552,0.8946523488805528,88.3600865114788,7.449638893782777,1.0357142857142858,6132.0,293.4802307403552,,,False,valid,
img_RDBS_0485,92,6128.0,43.5589031408,292.79393923934,0.8982649526371713,88.33126247335694,7.447208739128723,0.9885057471264368,6128.0,292.79393923934,,,False,valid,
img_RDBS_0485,93,6096.0,43.3314415056,292.45079348883235,0.8956724465186441,88.10033067307722,7.427738879047141,1.0470588235294118,6096.0,292.45079348883235,,,False,valid,
img_RDBS_0485,94,6090.0,43.288792449,292.8944443027283,0.8920822306366214,88.05696353745762,7.424082595843052,1.0602409638554218,6090.0,292.8944443027283,,,False,valid,
img_RDBS_0485,95,6049.0,42.9973572289,294.79393923934,0.8746944029911191,87.76004789255188,7.399049637821049,1.2894736842105263,6049.0,294.79393923934,,,False,valid,
img_RDBS_0485,96,6010.0,42.720138361,293.6639969244288,0.8757556040087998,87.47668068610244,7.375158948645296,0.9888888888888889,6010.0,293.6639969244288,,,False,valid,
img_RDBS_0485,97,5983.0,42.5282176063,290.69343417595167,0.8897303837553794,87.27996446006654,7.358573803628209,1.0963855421686748,5983.0,290.69343417595167,,,False,valid,
img_RDBS_0485,98,5979.0,42.4997849019,292.4091629284897,0.8787320411774231,87.25078359517202,7.356113564908953,1.0864197530864197,5979.0,292.4091629284897,,,False,valid,
img_RDBS_0485,99,5964.0,42.3931622604,288.9360748630709,0.8977263265817661,87.14126832219343,7.346880332244127,0.9120879120879121,5964.0,288.9360748630709,,,False,valid,
img_RDBS_0485,100,5947.0,42.2723232667,288.492424049175,0.8979227535360942,87.01698439120959,7.33640195402288,1.1851851851851851,5947.0,288.492424049175,,,False,valid,
img_RDBS_0485,101,5929.0,42.1443760969,288.5929291125633,0.8945815605872502,86.88519586635447,7.325290863492345,1.108433734939759,5929.0,288.5929291125633,,,False,valid,
img_RDBS_0485,102,5921.0,42.0875106881,288.3086578651014,0.8951370979378768,86.82655898040011,7.320347187637533,1.1666666666666667,5921.0,288.3086578651014,,,False,valid,
img_RDBS_0485,103,5917.0,42.0590779837,286.9360748630709,0.9031109897175128,86.79722568261015,7.317874097300861,1.035294117647059,5917.0,286.9360748630709,,,False,valid,
img_RDBS_0485,104,5849.0,41.575722008899994,291.86500705120545,0.8628343533874248,86.29703411564019,7.275702946289623,1.0,5849.0,291.86500705120545,,,False,valid,
img_RDBS_0485,105,5766.0,40.9857433926,286.0660171779821,0.8854253731816718,85.6825490688912,7.2238957119982175,1.141025641025641,5766.0,286.0660171779821,,,False,valid,
img_RDBS_0485,106,5702.0,40.5308201222,285.27922061357856,0.8804339854691788,85.20570335417635,7.183692849790607,0.9883720930232558,5702.0,285.27922061357856,,,False,valid,
img_RDBS_0485,107,5692.0,40.459738361199996,282.5512985522207,0.8959425040844505,85.1309549378635,7.177390810811272,0.8977272727272727,5692.0,282.5512985522207,,,False,valid,
img_RDBS_0485,108,5691.0,40.4526301851,281.27922061357856,0.9039057510608628,85.1234764861481,7.176760302547146,0.9425287356321839,5691.0,281.27922061357856,,,False,valid,
img_RDBS_0485,109,5656.0,40.2038440216,282.1665222413705,0.8927056715379438,84.86131548015315,7.154657508131712,0.963855421686747,5656.0,282.1665222413705,,,False,valid,
img_RDBS_0485,110,5635.0,40.0545723235,284.79393923934,0.8730563971714993,84.70362940619866,7.141362995236609,1.1666666666666667,5635.0,284.79393923934,,,False,valid,
img_RDBS_0485,111,5563.0,39.542783644299995,276.6934341759516,0.9131060424156001,84.16074849573113,7.095592705675091,1.141025641025641,5563.0,276.6934341759516,,,False,valid,
img_RDBS_0485,112,5530.0,39.308213832999996,282.06601717798213,0.8734407759801383,83.91075427134146,7.0745156926167985,1.2777777777777777,5530.0,282.06601717798213,,,False,valid,
img_RDBS_0485,113,5476.0,38.9243723236,284.5929291125633,0.8496207145038495,83.50005836506793,7.039889920758877,1.0843373493975903,5476.0,284.5929291125633,,,False,valid,
img_RDBS_0485,114,5449.0,38.7324515689,280.0071426749364,0.8733502566476143,83.29395103644623,7.022513011882781,0.9655172413793104,5449.0,280.0071426749364,,,False,valid,
img_RDBS_0485,115,5336.0,37.929227669599996,271.58073580374355,0.909133714777186,82.42576181453725,6.949315978583636,1.0256410256410255,5336.0,271.58073580374355,,,False,valid,
img_RDBS_0485,116,5331.0,37.893686789099995,277.1787155501902,0.8719644733410731,82.38713499681339,6.9460593515813365,1.0864197530864197,5331.0,277.1787155501902,,,False,valid,
img_RDBS_0485,117,5314.0,37.7728477954,271.3380951166243,0.907005395446528,82.25566813735486,6.934975380660388,0.8470588235294118,5314.0,271.3380951166243,,,False,valid,
img_RDBS_0485,118,5273.0,37.4814125753,274.16652224137044,0.8815334352766041,81.93773318434256,6.908170284771921,0.7472527472527473,5273.0,274.16652224137044,,,False,valid,
img_RDBS_0485,119,5272.0,37.474304399199994,277.27922061357856,0.8616891337020011,81.92996326035902,6.907515202480869,0.8764044943820225,5272.0,277.27922061357856,,,False,valid,
img_RDBS_0485,120,5246.0,37.2894918206,271.37972567696687,0.8951243101327452,81.7276859557437,6.89046120292875,1.103896103896104,5246.0,271.37972567696687,,,False,valid,
img_RDBS_0485,121,5239.0,37.239734587899996,275.8233764908628,0.8653586143889527,81.67314108608483,6.885862524967811,1.2054794520547945,5239.0,275.8233764908628,,,False,valid,
img_RDBS_0485,122,5215.0,37.069138361499995,271.1787155501902,0.8911544458808041,81.48585291812238,6.870072259526897,0.9761904761904762,5215.0,271.1787155501902,,,False,valid,
img_RDBS_0485,123,5205.0,36.9980566005,274.651803615609,0.867093013944711,81.40768901244232,6.863482260639012,1.2361111111111112,5205.0,274.651803615609,,,False,valid,
img_RDBS_0485,124,5175.0,36.7848113175,279.4213562373095,0.8329156563390224,81.17274569709015,6.84367418972167,1.3424657534246576,5175.0,279.4213562373095,,,False,valid,
img_RDBS_0485,125,5168.0,36.7350540848,270.55129855222066,0.8872236777961269,81.11782767796066,6.839044051528863,1.0909090909090908,5168.0,270.55129855222066,,,False,valid,
img_RDBS_0485,127,5014.0,35.6403949654,268.1076477383247,0.8765481731081585,79.90008183539054,6.736375899541776,0.9878048780487805,5014.0,268.1076477383247,,,False,valid,
img_RDBS_0485,128,5008.0,35.5977459088,262.5512985522207,0.9129475826561219,79.85226133325027,6.73234415300633,1.0128205128205128,5008.0,262.5512985522207,,,False,valid,
img_RDBS_0485,129,4987.0,35.4484742107,276.69343417595167,0.818561897092683,79.68466357834647,6.718213986290391,1.5303030303030303,4987.0,276.69343417595167,,,False,valid,
img_RDBS_0485,131,4965.0,35.2920943365,261.4802307403552,0.9125389231582811,79.50870606172687,6.703379008064192,1.0129870129870129,4965.0,261.4802307403552,,,False,valid,
img_RDBS_0485,132,4962.0,35.2707698082,269.1370849898476,0.8608342449840475,79.48468167499873,6.701353512019142,1.0,4962.0,269.1370849898476,,,False,valid,
img_RDBS_0485,133,4954.0,35.2139043994,273.76450198781714,0.8306376226739044,79.42058111483443,6.695949193791691,1.4202898550724639,4954.0,273.76450198781714,,,False,valid,
img_RDBS_0485,134,4826.0,34.3040578586,271.9238815542512,0.8201673561725489,78.38784371885666,6.608879103936805,1.328358208955224,4826.0,271.9238815542512,,,False,valid,
img_RDBS_0485,135,4779.0,33.9699735819,260.3086578651014,0.8862773869506907,78.00520357187297,6.57661871314461,1.1232876712328768,4779.0,260.3086578651014,,,False,valid,
img_RDBS_0485,136,4715.0,33.5150503115,257.09545442950497,0.8964018924742287,77.48112320705148,6.53243349758651,1.0135135135135136,4715.0,257.09545442950497,,,False,valid,
img_RDBS_0485,137,4689.0,33.330237732899995,259.9655121145938,0.871883829542774,77.26720019039888,6.51439764805253,1.2285714285714286,4689.0,259.9655121145938,,,False,valid,
img_RDBS_0485,138,4673.0,33.216506915299995,260.2081528017131,0.867289014961712,77.13526037129463,6.50327380190385,1.4153846153846155,4673.0,260.2081528017131,,,False,valid,
img_RDBS_0485,139,4633.0,32.9321798713,262.0071426749364,0.8480977330192475,76.8044192137276,6.475380583909374,1.2816901408450705,4633.0,262.0071426749364,,,False,valid,
img_RDBS_0485,140,4605.0,32.733150940499996,262.99494936611666,0.836651669600117,76.57197988497767,6.455783624102467,1.6101694915254237,4605.0,262.99494936611666,,,False,valid,
img_RDBS_0485,142,4483.0,31.865953456299998,256.3086578651014,0.8575353855267858,75.55086286104041,6.369693247814317,1.2173913043478262,4483.0,256.3086578651014,,,False,valid,
img_RDBS_0485,143,4478.0,31.830412575799997,250.65180361560903,0.8956787800030198,75.5087192403901,6.36614011915729,0.9605263157894737,4478.0,250.65180361560903,,,False,valid,
img_RDBS_0485,144,4473.0,31.7948716953,251.7645019878171,0.8867879239293386,75.46655208501566,6.36258500628767,1.0526315789473684,4473.0,251.7645019878171,,,False,valid,
img_RDBS_0485,145,4448.0,31.617167292799998,250.30865786510142,0.8921192270837531,75.25536190187384,6.344779561946983,1.2058823529411764,4448.0,250.30865786510142,,,False,valid,
img_RDBS_0485,146,4426.0,31.4607874186,248.89444430272832,0.8978232927972689,75.069023072089,6.329069335207823,0.935064935064935,4426.0,248.89444430272832,,,False,valid,
img_RDBS_0485,147,4412.0,31.361272953199997,252.06601717798213,0.8726031355831714,74.95020261061032,6.319051582100555,1.0985915492957747,4412.0,252.06601717798213,,,False,valid,
img_RDBS_0485,148,131.0,0.9311710690999999,99.8111831820431,0.16524287861826692,12.914889870235298,1.088854364959538,1.105263157894737,131.0,99.8111831820431,,,False,valid,
img_RDBS_0485,149,4349.0,30.9134578589,249.4802307403552,0.8780656696812554,74.41316268008786,6.273773745558207,1.1594202898550725,4349.0,249.4802307403552,,,False,valid,
img_RDBS_0485,150,4296.0,30.536724525599997,250.5929291125633,0.8596793833477431,73.95834695409476,6.235428231699729,1.025974025974026,4296.0,250.5929291125633,,,False,valid,
img_RDBS_0485,151,4208.0,29.911205028799998,251.82337649086284,0.8338607072303552,73.19693985574509,6.1712339992378675,1.2575757575757576,4208.0,251.82337649086284,,,False,valid,
img_RDBS_0485,152,3997.0,28.4113798717,247.6223663640862,0.819151579843316,71.3381977646369,6.014523453536537,0.9240506329113924,3997.0,247.6223663640862,,,False,valid,
img_RDBS_0485,153,4164.0,29.598445280399996,250.75230867899737,0.8322057350001624,72.8132506091935,6.138885158861104,0.5978260869565217,4164.0,250.75230867899737,,,False,valid,
img_RDBS_0485,154,4070.0,28.930276727,238.99494936611666,0.8954200749886834,71.98669979289308,6.069198659538815,1.253968253968254,4070.0,238.99494936611666,,,False,valid,
img_RDBS_0485,155,4060.0,28.859194965999997,238.55129855222071,0.8965454846895599,71.89820965521159,6.061738056030888,0.9863013698630136,4060.0,238.55129855222071,,,False,valid,
img_RDBS_0485,156,4050.0,28.788113205,239.58073580374355,0.8866681295794681,71.80961047225789,6.054268258916062,1.1846153846153846,4050.0,239.58073580374355,,,False,valid,
img_RDBS_0485,157,3952.0,28.091511947199997,236.65180361560905,0.8867621801478209,70.93548252315877,5.9805705315275155,0.8933333333333333,3952.0,236.65180361560905,,,False,valid,
img_RDBS_0485,158,3770.0,26.797823896999997,230.40916292848976,0.8923838909541449,69.28284840890683,5.8412369493549345,0.8648648648648649,3770.0,230.40916292848976,,,False,valid,
img_RDBS_0485,159,3665.0,26.051465406499997,226.65180361560903,0.8965313575104529,68.31122112401718,5.759319052965888,1.140625,3665.0,226.65180361560903,,,False,valid,
img_RDBS_0485,160,3652.0,25.9590591172,236.0243866176395,0.8238096550246273,68.18996126537112,5.74909563428344,0.6385542168674698,3652.0,236.0243866176395,,,False,valid,
img_RDBS_0485,161,3522.0,25.034996224199997,224.0243866176395,0.8818782302121732,66.96528710128288,5.645843355509159,1.046875,3522.0,224.0243866176395,,,False,valid,
img_RDBS_0485,162,3465.0,24.629830186499998,222.16652224137047,0.8821772820161023,66.42119407619332,5.599970872563858,0.7972972972972973,3465.0,222.16652224137047,,,False,valid,
img_RDBS_0485,163,3455.0,24.5587484255,218.99494936611666,0.9052941581913027,66.32527894445667,5.591884267807141,0.8857142857142857,3455.0,218.99494936611666,,,False,valid,
img_RDBS_0485,164,3443.0,24.4734503123,226.3086578651014,0.8447817996713125,66.20999737594894,5.582164878766255,1.0294117647058822,3443.0,226.3086578651014,,,False,valid,
img_RDBS_0485,165,3378.0,24.0114188658,221.4802307403552,0.8653654954568761,65.58203398885536,5.529221285600395,0.9565217391304348,3378.0,221.4802307403552,,,False,valid,
img_RDBS_0485,166,3369.0,23.9474452809,232.20815280171308,0.7851559887507116,65.49461066540333,5.5218506252001545,0.881578947368421,3369.0,232.20815280171308,,,False,valid,
img_RDBS_0485,167,3257.0,23.1513295577,213.92388155425118,0.8943532354387408,64.39674834339405,5.429289852831552,0.9393939393939394,3257.0,213.92388155425118,,,False,valid,
img_RDBS_0485,168,3220.0,22.888327041999997,212.12489168102786,0.8992541869901887,64.02992530096552,5.398363002124403,1.05,3220.0,212.12489168102786,,,False,valid,
img_RDBS_0485,169,2982.0,21.1965811302,206.61017305526642,0.8778374410624932,61.61818175181945,5.195028903495897,1.2407407407407407,2982.0,206.61017305526642,,,False,valid,
img_RDBS_0485,170,2942.0,20.912254086199997,200.99494936611666,0.915128842364243,61.20351902146517,5.160068688699728,1.1206896551724137,2942.0,200.99494936611666,,,False,valid,
img_RDBS_0485,171,2908.0,20.670576098799998,208.16652224137047,0.8433007621939393,60.84883397477599,5.130165192413363,1.2105263157894737,2908.0,208.16652224137047,,,False,valid,
img_RDBS_0485,172,2896.0,20.585277985599998,199.4386001800126,0.9149344639212238,60.72315638661277,5.1195693149553225,1.0169491525423728,2896.0,199.4386001800126,,,False,valid,
img_RDBS_0485,173,2581.0,18.3462025141,192.16652224137044,0.8782990389566728,57.325659742923634,4.833126372925891,0.84375,2581.0,192.16652224137044,,,False,valid,
img_RDBS_0485,174,2547.0,18.104524526699997,189.1959594928933,0.8941597045388806,56.94682713233863,4.80118699552747,1.0178571428571428,2547.0,189.1959594928933,,,False,valid,
img_RDBS_0485,175,2523.0,17.9339283003,187.0538238691624,0.906137143730094,56.677891380738714,4.778513022310081,1.0961538461538463,2523.0,187.0538238691624,,,False,valid,
img_RDBS_0485,176,2464.0,17.5145459104,187.39696961967,0.8817093376670696,56.01126885036118,4.722310076773951,0.9285714285714286,2464.0,187.39696961967,,,False,valid,
img_RDBS_0485,177,2335.0,16.597591193499998,181.5391052434009,0.8903409892039779,54.525354991568875,4.597032679339172,1.297872340425532,2335.0,181.5391052434009,,,False,valid,
img_RDBS_0485,178,2311.0,16.4269949671,178.71067811865476,0.9093033770110669,54.24441526906674,4.573346651335017,1.163265306122449,2311.0,178.71067811865476,,,False,valid,
img_RDBS_0485,179,2206.0,15.680636476599998,175.29646455628165,0.9021298596238659,52.997796517268235,4.468244224370885,0.7627118644067796,2206.0,175.29646455628165,,,False,valid,
img_RDBS_0485,180,2138.0,15.197280501799998,176.0243866176395,0.8671053895801554,52.17457375622515,4.398838313387342,1.14,2138.0,176.0243866176395,,,False,valid,
img_RDBS_0485,181,1931.0,13.725888049099998,163.1959594928933,0.9111152876861225,49.58452945106567,4.180471678019346,0.9230769230769231,1931.0,163.1959594928933,,,False,valid,
img_RDBS_0485,182,1812.0,12.880015093199999,157.7817459305202,0.9146491655685475,48.03238548167387,4.049610419959924,1.0638297872340425,1812.0,157.7817459305202,,,False,valid,
img_RDBS_0485,183,1688.0,11.998601256799999,151.39696961967,0.9254393067117249,46.35977083110911,3.9085922787708087,0.9565217391304348,1688.0,151.39696961967,,,False,valid,
img_RDBS_0485,184,1630.0,11.586327042999999,153.98275605729688,0.8638797447257728,45.55634377250127,3.840855343459582,1.275,1630.0,153.98275605729688,,,False,valid,
img_RDBS_0485,185,1323.0,9.4041169803,136.08326112068522,0.8977600834912122,41.04261099984527,3.4603025333969546,0.9512195121951219,1323.0,136.08326112068522,,,False,valid,
